Implementation,Function,Mean Time (seconds),Std Dev
Python,arithmetic_operations,0.9220745025499127,0.015553672949394907
Python,string_processing,0.5851714403503138,0.011087818282310445
Python,list_manipulation,0.044667853800456216,0.0004580531689002959
Python,file_io,0.6441275777498958,0.010550548753612771
Python,number_to_name,3.141479531949881,0.05263207990213679
